Id,Name
1,BOMitem21_ds_httpgithub21
2,BOMitem22_ds_httpgithub22
3,BOMitem23_ds_httpgithub23
4,BOMitem24_ds_httpgithub24
5,BOMitem25_ds_httpgithub25
6,BOMitem26_ds_httpgithub26
7,BOMitem27_ds_httpgithub27
8,BOMitem28_ds_httpgithub28
9,BOMitem29_ds_httpgithub29
10,BOMitem30_ds_httpgithub30
11,BOMitem31_ds_httpgithub31
12,BOMitem32_ds_httpgithub32
13,BOMitem33_ds_httpgithub33
14,BOMitem34_ds_httpgithub34
15,BOMitem35_ds_httpgithub35
16,BOMitem36_ds_httpgithub36
17,BOMitem37_ds_httpgithub37
18,BOMitem38_ds_httpgithub38
19,BOMitem39_ds_httpgithub39
20,BOMitem40_ds_httpgithub40
